,0
0,abacus
1,abate
2,abdication
3,aberration
4,abet
5,abeyance
6,abhor
7,abide
8,abjure
9,abraded
10,abrogate
11,abscond
12,abstruse
13,abut
14,abysmal
15,acarpous
16,acclaimed
17,accolade
18,accretion
19,adamant
20,admonitory
21,adorn
22,adulteration
23,affable
24,affinity
25,aggravate
26,agile
27,agog
28,ail
29,alacrity
30,alcove
31,allegiance
32,alleviate
33,alloy
34,aloof
35,amalgamate
36,ambidextrous
37,ambiguous
38,ambivalent
39,ameliorate
40,amortize
41,anguish
42,animosity
43,antidote
44,antithetical
45,apartheid
46,aplomb
47,apostate
48,apotheosis
49,appease
50,apprehensive
51,apprise
52,approbation
53,apropos
54,apt
55,arabesque
56,arboreal
57,ardor
58,arduous
59,argot
60,arrogance
61,articulate
62,ascend
63,ascertain
64,ascetic
65,ascribe
66,aseptic
67,asperity
68,aspersion
69,assail
70,assiduous
71,assuage
72,asterisk
73,astringent
74,astute
75,atonement
76,attenuate
77,attune
78,audacious
79,augury
80,august
81,auspicious
82,austere
83,auxiliary
84,aver
85,aversion
86,avid
87,avow
88,baleful
89,balk
90,baneful
91,barrage
92,barren
93,bask
94,beatify
95,bedizen
96,belabor
97,bellicose
98,belligerent
99,benefactor
100,benevolence
101,benign
102,bequest
103,berate
104,bereft
105,bewilder
106,bigot
107,bilge
108,blandishment
109,blandness
110,blatant
111,blithe
112,bogus
113,boisterous
114,bolster
115,boorish
116,brash
117,brass
118,brazen
119,breach
120,brittle
121,broach
122,brook
123,buoyant
124,burgeon
125,burnish
126,cabal
127,cadge
128,cajole
129,calipers
130,calumny
131,candid
132,cant
133,cantankerous
134,canvass
135,castigate
136,castigation
137,catalyst
138,caustic
139,censure
140,centurion
141,chary
142,chastened
143,chastisement
144,chauvinist
145,chicanery
146,chisel
147,churl
148,clamor
149,clientele
150,clinch
151,cling
152,clot
153,cloture
154,coagulation
155,coalescing
156,coax
157,coda
158,coddle
159,coerce
160,coeval
161,cogent
162,cogitate
163,cognizant
164,colander
165,collusion
166,combustion
167,commemorate
168,commodious
169,commuter
170,complaisance
171,compunction
172,conceal
173,conceit
174,conciliatory
175,concord
176,concur
177,condense
178,condone
179,congeal
180,conjoin
181,connoisseur
182,connotation
183,consequential
184,console
185,conspicuous
186,consternation
187,constrain
188,constrict
189,consume
190,consummate
191,contemn
192,contentious
193,contiguous
194,contrite
195,contumacious
196,conundrum
197,conviction
198,convoke
199,convoluted
200,cordial
201,cordon
202,cornucopia
203,corporeal
204,correlate
205,corroboration
206,countenance
207,counterfeit
208,countervail
209,covert
210,covetous
211,cower
212,coy
213,crass
214,cravat
215,craven
216,crease
217,credulity
218,credulous
219,crush
220,cryptic
221,cumbersome
222,curmudgeon
223,curriculum
224,cursory
225,curtail
226,dainty
227,daunt
228,dawdler
229,dearth
230,debacle
231,decorum
232,decree
233,decry
234,defer
235,deferential
236,defiance
237,delineate
238,deluge
239,demagogue
240,demur
241,denigrate
242,denouement
243,deplete
244,deposition
245,deprave
246,deprecate
247,dereliction
248,derision
249,derivative
250,derogatory
251,descry
252,desiccant
253,desuetude
254,desultory
255,deter
256,detraction
257,detumescence
258,deviance
259,dexterity
260,diaphanous
261,diatribe
262,diffidence
263,dilate
264,disallow
265,discern
266,discomfit
267,disconcert
268,discountenance
269,discourse
270,discredit
271,discreet
272,discrete
273,disdain
274,disencumber
275,disheveled
276,disingenuous
277,disinter
278,dislodge
279,dismal
280,disparate
281,disproof
282,dissemble
283,disseminate
284,dissent
285,dissolution
286,distraught
287,divergence
288,divestiture
289,divulge
290,doggerel
291,dogmatic
292,dolt
293,dormant
294,dote
295,drawl
296,droll
297,drone
298,drowsiness
299,dubious
300,dud
301,dulcet
302,dupe
303,duplicity
304,duress
305,dwarf
306,dynamo
307,earthenware
308,ebullience
309,ebullient
310,ecumenical
311,edacious
312,eddy
313,edible
314,effete
315,efficacy
316,effluvia
317,effrontery
318,egress
319,elaborate
320,elegy
321,elicit
322,eloquence
323,emaciate
324,embellish
325,embezzle
326,emote
327,empirical
328,encapsulate
329,encomium
330,encumbrance
331,endearing
332,endemic
333,endorse
334,enduring
335,enervate
336,engender
337,engrave
338,engrossing
339,engulf
340,enigma
341,enmity
342,ensign
343,entangle
344,enthral
345,entice
346,entreat
347,enunciate
348,enzyme
349,epicurean
350,epistle
351,epithet
352,epitome
353,equable
354,equanimity
355,equilibrium
356,equipoise
357,equivocal
358,equivocate
359,eradicate
360,erratic
361,erudite
362,eschew
363,esoteric
364,espouse
365,eulogy
366,euphoria
367,euthanasia
368,evasive
369,evince
370,evoke
371,excoriation
372,exculpate
373,exhaustive
374,exigency
375,exoneration
376,exorbitant
377,expatiate
378,expedient
379,expiation
380,exploit
381,expostulate
382,expurgate
383,exscind
384,extant
385,extempore
386,extenuate
387,extinct
388,extinguish
389,extirpate
390,extol
391,extort
392,extralegal
393,extricable
394,extrovert
395,exuberance
396,facetious
397,facile
398,fallacious
399,falter
400,fatuous
401,fawn
402,feckless
403,fecund
404,feint
405,felicitous
406,felon
407,ferment
408,ferocity
409,ferret
410,fervid
411,fervor
412,fetid
413,fetter
414,feud
415,fidelity
416,fidget
417,figurehead
418,finesse
419,finical
420,finicky
421,fission
422,fixate
423,flak
424,flamboyant
425,flaunting
426,flax
427,fledged
428,fleet
429,flinch
430,flop
431,florid
432,flout
433,fluke
434,fluster
435,foible
436,foil
437,foment
438,foolproof
439,foppish
440,forage
441,forbear
442,forbearance
443,ford
444,forestall
445,forfeit
446,forge
447,forgery
448,forswear
449,foster
450,fracas
451,fragile
452,fragrant
453,frantic
454,frenetic
455,fret
456,fringe
457,froward
458,frugal
459,fulmination
460,fulsome
461,gainsay
462,garble
463,garment
464,garner
465,garrulity
466,garrulous
467,gaucherie
468,germane
469,gist
470,glean
471,glib
472,glimmer
473,gloat
474,glut
475,gnaw
476,goad
477,gorge
478,gossamer
479,gouge
480,grandiloquent
481,grave
482,graze
483,gregarious
484,grievous
485,grovel
486,guile
487,gullible
488,gush
489,gust
490,hack
491,halcyon
492,hallow
493,harangue
494,harbinger
495,harrow
496,haughty
497,heed
498,heinous
499,heresy
500,hermetic
501,heterogeneous
502,hew
503,highbrow
504,hirsute
505,hoax
506,hoi
507,hollow
508,holster
509,homiletics
510,hone
511,hoodwink
512,hospitable
513,hubris
514,hush
515,husk
516,hypocrisy
517,iconoclast
518,idiosyncrasy
519,idolatry
520,idyll
521,ignoble
522,ignominious
523,illicit
524,imbroglio
525,immaculate
526,imminent
527,immutable
528,impair
529,impassive
530,impecunious
531,impede
532,impediment
533,impending
534,imperative
535,imperious
536,impermeable
537,imperturbable
538,impervious
539,imperviousness
540,impetuous
541,impiety
542,implacable
543,implicate
544,implicit
545,implosion
546,importune
547,imprecation
548,impromptu
549,impudent
550,impugned
551,impute
552,inadvertent
553,inane
554,inasmuch
555,incense
556,incessant
557,inchoate
558,incipient
559,incise
560,incite
561,inclined
562,incongruous
563,incorrigibility
564,incredulous
565,inculcate
566,incumbents
567,incursion
568,indefatigability
569,indelible
570,indigence
571,indigenous
572,indistinct
573,indolence
574,indomitable
575,indulge
576,indulgent
577,ineffable
578,ineluctable
579,inept
580,ineptitude
581,inferno
582,infuriate
583,infuse
584,ingenuous
585,ingest
586,inimical
587,inimitable
588,innocuous
589,inscrutable
590,insensible
591,insinuate
592,insipid
593,insouciant
594,insularity
595,insurrection
596,interdict
597,interim
598,intersperse
599,intransigence
600,intransigent
601,intrepid
602,introspection
603,inundate
604,inured
605,invective
606,inveigh
607,inveterate
608,invincible
609,involute
610,irascible
611,irate
612,ire
613,irksome
614,irresolute
615,irrevocable
616,itinerate
617,jabber
618,jibe
619,jocular
620,judicious
621,knit
622,labyrinthine
623,lachrymose
624,lackluster
625,lament
626,lassitude
627,latent
628,laudatory
629,lavish
630,legacy
631,levee
632,levity
633,libel
634,liberality
635,libertine
636,lien
637,limn
638,limp
639,lionize
640,lithe
641,loll
642,lope
643,loquacious
644,lucubrate
645,luculent
646,lugubrious
647,lull
648,lumber
649,luminary
650,lurk
651,lustrous
652,macabre
653,macerate
654,machination
655,maladroit
656,malapropism
657,malevolence
658,malign
659,malinger
660,malleable
661,manacle
662,massacre
663,matriculation
664,maudlin
665,maul
666,maverick
667,mellifluous
668,mendacity
669,mendicant
670,mercurial
671,meretricious
672,mesmerize
673,meticulous
674,mettle
675,mettlesome
676,middling
677,minatory
678,mince
679,misanthrope
680,mischievous
681,miser
682,misogynist
683,moderation
684,mollify
685,molt
686,morbid
687,morose
688,muffler
689,multifarious
690,mundane
691,myriad
692,nadir
693,nascent
694,nebulous
695,negligent
696,neophyte
697,nexus
698,nibble
699,noisome
700,nonchalant
701,nonplused
702,nostrum
703,noxious
704,nugatory
705,obdurate
706,obfuscate
707,oblivious
708,obloquy
709,obsequious
710,obstreperous
711,obtain
712,obtrusive
713,obtuse
714,obviate
715,occluded
716,odious
717,odium
718,odor
719,officious
720,ominous
721,onerous
722,opaqueness
723,opprobrious
724,ossify
725,ostensible
726,ostentation
727,ostracism
728,overhaul
729,overweening
730,paean
731,palate
732,palatial
733,palliate
734,palpability
735,palpitate
736,panegyric
737,paradigm
738,parenthesis
739,pariah
740,parsimonious
741,partisan
742,patron
743,paucity
744,peccadillo
745,pedantic
746,pedestrian
747,pellucid
748,penchant
749,penitent
750,penurious
751,penury
752,peregrination
753,peremptory
754,perfidious
755,perfidy
756,perfunctory
757,perilous
758,peripatetic
759,perish
760,perjury
761,permeate
762,pernicious
763,perpetrate
764,personable
765,perspicacity
766,pertain
767,pest
768,petrified
769,petrify
770,petrous
771,petulant
772,philistine
773,phlegmatic
774,picaresque
775,pied
776,pinch
777,pine
778,pious
779,piquant
780,pique
781,pitfall
782,pith
783,pivotal
784,placate
785,plaintive
786,plaque
787,platitude
788,plea
789,plead
790,plethora
791,pliant
792,plod
793,pluck
794,plumb
795,plummet
796,plunge
797,poignant
798,poncho
799,ponderous
800,portent
801,precarious
802,precepts
803,preclude
804,precursory
805,predilection
806,predominate
807,preen
808,premature
809,preponderance
810,presage
811,presumption
812,preternatural
813,prevalent
814,prevaricate
815,prim
816,pristine
817,probity
818,proclivity
819,procrastination
820,prodigal
821,prodigious
822,profane
823,profligacy
824,profligate
825,profundity
826,profuse
827,proliferate
828,prolix
829,prone
830,propagation
831,propinquity
832,propitiatory
833,propitious
834,prosaic
835,proscribe
836,protracted
837,provident
838,provisional
839,provoke
840,prudence
841,prudish
842,prune
843,pry
844,pucker
845,pugnacious
846,puissance
847,punctilious
848,pundit
849,pungency
850,purvey
851,pusillanimous
852,putrefaction
853,pyre
854,quack
855,quaff
856,quail
857,qualm
858,quandary
859,quell
860,quibble
861,quiescence
862,quiescent
863,quirk
864,quixotic
865,quotidian
866,rabble
867,raconteur
868,raffish
869,ramify
870,rancorous
871,rant
872,rapacious
873,rarefy
874,rave
875,reactionary
876,rebuff
877,recalcitrant
878,recant
879,recast
880,recidivism
881,reciprocity
882,recitals
883,recluse
884,recompense
885,reconcile
886,recondite
887,recreancy
888,recuperate
889,redeem
890,redoubtable
891,refine
892,refractory
893,refulgent
894,regale
895,regicide
896,reiterate
897,rejuvenation
898,relapse
899,remonstrate
900,render
901,renovate
902,renowned
903,repast
904,repel
905,repine
906,reproach
907,reprobate
908,repudiate
909,repulsive
910,requite
911,rescind
912,resigned
913,resilience
914,resort
915,restive
916,resuscitation
917,retard
918,reticent
919,revere
920,reverent
921,riddle
922,rift
923,rivet
924,roll
925,rotund
926,ruffian
927,rumple
928,sagacious
929,salacious
930,salubrious
931,salutary
932,sanctimony
933,sanction
934,sanguine
935,sanity
936,sash
937,satiate
938,saturnine
939,savant
940,savor
941,sawdust
942,scabbard
943,scent
944,scorch
945,scribble
946,scurvy
947,secular
948,sedulous
949,seminal
950,sententious
951,sequence
952,sere
953,sermon
954,serrated
955,serration
956,servile
957,sever
958,severance
959,shallow
960,shard
961,sheath
962,shrewd
963,shrill
964,shun
965,shunt
966,sidestep
967,simper
968,sinuous
969,skiff
970,skit
971,slack
972,slake
973,slate
974,sluggard
975,slur
976,smolder
977,snare
978,snub
979,soar
980,sober
981,sobriety
982,sodden
983,soggy
984,solvent
985,somatic
986,soot
987,sophisticated
988,sophistry
989,sophomoric
990,soporific
991,sordid
992,spear
993,specious
994,splenetic
995,splice
996,sponge
997,spurious
998,spurn
999,squalid
1000,squander
1001,squat
1002,stanch
1003,steeply
1004,stentorian
1005,stickler
1006,stigma
1007,stigmatize
1008,sting
1009,stingy
1010,stint
1011,stipple
1012,stipulate
1013,stolid
1014,stray
1015,streak
1016,striated
1017,stride
1018,strut
1019,stygian
1020,stymie
1021,subdue
1022,sublime
1023,submerge
1024,suborn
1025,subpoena
1026,substantiation
1027,subsume
1028,succor
1029,suffice
1030,suffocate
1031,sullied
1032,summarily
1033,sumptuous
1034,sundry
1035,supercilious
1036,superfluous
1037,superimpose
1038,supersede
1039,supine
1040,suppliant
1041,supplicate
1042,suppress
1043,surcharge
1044,surfeit
1045,susceptibility
1046,swerve
1047,sycophant
1048,synopsis
1049,taciturn
1050,tadpole
1051,talon
1052,tamp
1053,tamper
1054,tangential
1055,tarnished
1056,tassel
1057,taunt
1058,taut
1059,tautology
1060,tawdry
1061,teetotal
1062,temerity
1063,temperance
1064,temperate
1065,tenacity
1066,tenuous
1067,tepid
1068,terse
1069,testiness
1070,thrift
1071,thwart
1072,timid
1073,timorous
1074,toady
1075,tonic
1076,topple
1077,torment
1078,torpid
1079,torque
1080,tortuous
1081,tout
1082,tractable
1083,transgress
1084,transient
1085,transitory
1086,travesty
1087,trenchant
1088,trepidation
1089,trickle
1090,trifling
1091,trite
1092,truce
1093,truculence
1094,trudge
1095,turbid
1096,turbulence
1097,turgid
1098,turmoil
1099,turpitude
1100,turquoise
1101,tyro
1102,ubiquitous
1103,ulterior
1104,umbrage
1105,uncouth
1106,underbid
1107,undermine
1108,undulate
1109,unearth
1110,unencumbered
1111,unfeigned
1112,unscathed
1113,untoward
1114,upbraid
1115,urbane
1116,vacillation
1117,vagary
1118,vain
1119,valiant
1120,valorous
1121,vanquish
1122,veer
1123,venal
1124,veneer
1125,veneration
1126,veracity
1127,verdant
1128,verisimilitude
1129,veritable
1130,verve
1131,vestige
1132,vex
1133,vigilance
1134,vigilant
1135,vigorous
1136,vilify
1137,vindictive
1138,virago
1139,visceral
1140,viscous
1141,vitiate
1142,vituperate
1143,vivacious
1144,volatile
1145,volubility
1146,voluble
1147,waffle
1148,waft
1149,wag
1150,warmonger
1151,warrant
1152,wean
1153,weigh
1154,welter
1155,wend
1156,whimsical
1157,wince
1158,woo
1159,writ
1160,yarn
